ImageId,EncodedPixels
000155de5.jpg,283115 1 283878 8 284644 11 285410 14 286177 17 286943 19 287711 19 288479 20 289246 21 290014 21 290782 21 291550 21 292318 21 293086 21 293854 21 294622 21 295389 22 296157 22 296924 23 297691 25 298457 27 299225 27 299992 28 300760 28 301528 27 302296 27 303063 28 303831 28 304599 28 305367 28 306135 28 306903 28 307671 28 308439 28 309207 28 309975 28 310743 28 311511 28 312279 28 313047 28 313815 28 314583 28 315351 28 316119 28 316887 28 317655 27 318423 27 319191 27 319959 27 320727 27 321496 26 322264 26 323032 25 323800 25 324568 25 325336 25 326104 25 326872 25 327640 25 328408 25 329176 25 329944 25 330713 24 331480 25 332248 25 333016 25 333784 25 334552 25 335320 25 336089 24 336857 24 337625 23 338394 22 339162 21 339930 20 340699 19 341467 18 342236 14 343005 10 343774 4 344543 1 345311 1 346079 1
000155de5.jpg,346850 4
0002d0f32.jpg,
000532683.jpg,458960 11 459727 13 460494 15 461261 16 462029 17 462797 16 463566 14 464335 11
0005d01c8.jpg,368947 6 369714 9 370480 12 371247 13 372013 16 372781 15 373548 16 374315 17 375083 17 375850 18 376618 18 377386 18 378154 18 378922 17 379690 17 380458 16 381226 16 381993 17 382760 17 383527 18 384295 17 385063 16 385830 17 386598 16 387365 16 388132 16 388900 16 389667 16 390435 16 391202 16 391969 17 392736 17 393502 19 394268 20 395034 22 395801 22 396569 21 397336 22 398104 21 398872 21 399639 21 400407 20 401174 20 401941 20 402708 20 403475 20 404242 20 405009 20 405776 20 406544 19 407311 20 408078 20 408845 21 409611 22 410378 22 411145 21 411913 21 412681 20 413448 21 414215 21 414983 21 415750 21 416518 21 417286 20 418053 20 418821 19 419589 18 420357 17 421126 15 421894 14 422663 12 423432 10 424201 7
0005d01c8.jpg,142711 4 143478 8 144245 11 145012 12 145779 12 146546 13 147313 14 148080 15 148846 17 149613 18 150380 20 151148 20 151177 3 151916 24 151944 6 152684 34 153452 34 154220 33 154989 31 155757 30 156526 26 157296 22 158065 21 158833 20 159602 19 160372 17 161141 14 161910 12 162679 10 163448 8 164218 5
0005d01c8.jpg,65231 4 65998 6 66766 7 67534 8 68302 11 69070 11 69838 11 70607 10 71376 9 72145 8 72919 2
0006c52e8.jpg,156341 5 157107 12 157862 5 157875 15 158629 9 158642 20 159396 37 160162 41 160929 42 161695 44 162461 47 163227 48 163994 49 164760 50 165527 51 166293 52 167061 52 167827 54 168594 54 169362 54 170128 55 170895 56 171662 57 172429 57 173196 58 173964 57 174731 58 175499 57 176266 57 177033 58 177800 58 178567 58 179335 58 180103 58 180870 58 181638 58 182406 58 183167 64 183932 66 184699 65 185466 64 186234 64 187002 37 187043 21 187770 22 187801 4 187813 16 188538 22 188582 14 189302 25 189354 9 190067 28 190124 7 190831 32 190893 6 191595 36 191662 5 192361 38 192430 4 193128 39 193895 40 194662 41 195429 42 196196 44 196963 45 197729 47 198496 48 199263 49 200029 50 200795 51 201562 46 202326 50 203092 51 203858 53 204625 55 205393 55 206160 56 206928 57 207692 61 208459 62 209226 64 209993 65 210760 66 211526 68 212292 70 213058 71 213823 74 214590 75 215356 75 216120 77 216886 79 217652 81 218418 82 219186 81 219952 82 220718 83 221484 84 222251 84 223018 84 223785 84 224551 85 225318 84 226084 84 226851 81 227617 82 228384 80 229151 80 229917 81 230684 81 231451 81 232218 81 232985 81 233752 81 234519 79 235286 78 236053 79 236820 79 237588 79 238354 80 239122 79 239889 79 240657 78 241422 80 242189 80 242956 80 243723 77 244490 76 245257 76 246023 77 246788 79 247555 78 248322 78 249089 78 249856 78 250623 78 251389 79 252156 80 252921 82 253687 82 254454 81 255220 82 255986 84 256753 84 257519 85 258286 85 259052 86 259819 86 260586 85 261353 83 262119 84 262887 82 263653 83 264420 82 265184 84 265950 83 266716 83 267482 84 268249 84 269017 84 269785 82 270553 81 271320 77 271400 1 272087 76 272854 76 273621 76 274388 77 275155 77 275923 77 276690 78 277458 78 278225 78 278993 77 279760 78 280527 78 281295 76 282062 76 282830 75 283598 74 284366 73 285134 72 285903 69 286671 68 287439 67 288208 64 288976 59 289744 57 290513 54 291281 53 292049 53 292818 51 293586 51 294354 51 295123 49 295891 48 296660 47 297429 45 298197 45 298965 44 299734 43 300502 43 301270 42 302039 41 302807 41 303576 39 304344 39 305112 39 305881 37 306650 35 307418 34 308187 20 308208 10 308956 18 308978 4 309724 12 309740 1 310493 9
000913daf.jpg,
001bcf222.jpg,228449 1 229217 1
001e418bc.jpg,120412 7 121176 14 121942 18 122708 21 123475 23 124243 24 125010 27 125777 29 126545 31 127313 33 128080 35 128847 37 129614 39 130382 40 131149 41 131916 43 132684 43 133451 44 134218 46 134986 46 135753 47 136520 49 137286 51 138054 51 138821 52 139588 52 140354 54 141121 55 141889 55 142655 57 143422 57 144189 58 144954 51 145008 6 145720 53 145777 4 146487 53 147251 57 148018 58 148785 59 149553 60 150320 61 151088 61 151855 62 152623 61 153390 62 154154 66 154916 72 155684 71 156451 72 157218 72 157986 70 158754 69 159521 69 160289 69 161057 68 161826 67 162594 67 163362 67 164130 67 164898 66 165666 66 166434 65 167202 64 167970 63 168738 59 169506 55 170274 55 171043 54 171811 55 172579 57 173347 58 174114 60 174866 1 174882 61 175633 2 175650 61 176399 5 176418 62 177166 6 177185 62 177932 9 177952 63 178699 10 178719 64 179467 10 179487 64 180235 10 180255 63 181002 12 181019 65 181766 1 181770 11 181785 64 182534 3 182538 8 182550 66 183301 10 183318 66 184069 11 184086 64 184837 13 184854 63 185605 13 185622 53 185676 9 186368 20 186392 50 186446 4 187136 20 187162 47 187903 21 187932 41 188670 21 188699 41 189438 21 189466 40 190205 21 190234 40 190973 22 191001 41 191740 23 191768 41 192507 14 192522 4 192528 3 192535 42 193275 12 193291 9 193302 43 194042 12 194059 54 194810 11 194828 54 195580 8 195596 53 196350 6 196364 53 197119 5 197131 54 197887 4 197899 53 198655 4 198666 54 199424 3 199433 54 200199 56 200967 55 201734 56 202502 55 203270 54 204038 53 204806 52 205574 51 206342 50 207110 49 207879 47 208647 45 209415 42 210183 39 210951 37 211719 36 212487 35 213256 33 214024 33 214792 32 215560 32 216328 31 217097 28 217865 27 218634 25 219403 23 220172 21 220940 20 221709 18 222478 16 223246 14 224015 12 224783 10
021e2b4dd.jpg,80669 6 81431 16 82194 23 82960 28 83727 31 84493 34 85253 1 85260 36 86020 4 86027 38 86785 7 86793 42 87553 53 88321 56 89089 61 89857 66 90625 67 91393 75 92161 79 92929 81 93697 88 94465 92 95233 95 96003 98 96771 103 96890 1 97540 105 97652 9 98308 123 99077 128 99847 135 100620 135 101390 147 102159 148 102928 148 103696 150 104464 151 105235 149 106006 147 106776 146 107550 141 108320 140 109092 137 109865 135 110635 134 111404 134 112176 131 112948 129 113719 126 114489 125 115261 122 116033 119 116803 118 117579 110 118350 108 119120 106 119893 101 120664 98 121433 97 122202 94 122972 90 123740 90 124508 89 125277 88 126045 87 126814 85 127582 85 128352 82 129121 80 129892 77 130663 73 131434 69 132209 23 132235 35 132982 18 133003 34 133753 15 133772 32 134525 11 134542 29 135297 4 135311 27 136081 7 136089 16
021e2b4dd.jpg,419480 8 420245 17 421011 25 421778 31 422545 34 423312 39 424079 43 424847 45 425614 48 426382 50 427150 53 427918 55 428686 57 429454 59 430222 60 430990 61 431758 62 432527 63 433295 64 434063 66 434831 66 435600 66 436368 67 437136 68 437905 68 438673 70 439441 71 440209 72 440977 73 441745 74 442513 75 443281 76 444049 77 444818 77 445586 78 446354 80 447121 82 447889 83 448658 83 449426 83 450195 83 450963 84 451731 85 452499 85 453267 86 454036 86 454804 86 455572 87 456341 87 457109 87 457878 87 458646 88 459414 89 460183 89 460952 89 461720 89 462489 89 463258 90 464026 91 464795 91 465564 91 466334 90 467103 91 467872 91 468641 90 469410 92 470179 93 470948 94 471717 95 472486 94 473254 95 474023 96 474792 96 475560 98 476329 98 477097 99 477865 100 478634 100 479402 101 480170 102 480938 103 481707 104 482475 105 483244 105 484012 106 484781 107 485550 107 486318 108 487087 108 487857 107 488626 106 489395 106 490164 106 490934 105 491704 104 492473 105 493243 105 494013 104 494782 104 495551 105 496321 104 497091 103 497860 104 498629 104 499398 104 500167 105 500937 104 501706 105 502475 105 503244 105 504014 105 504783 104 505552 104 506321 105 507090 104 507859 104 508629 103 509399 102 510169 100 510939 100 511708 100 512478 98 513247 100 514017 98 514787 97 515556 97 516326 96 517095 95 517864 95 518633 95 519401 96 520170 96 520940 95 521709 94 522479 94 523249 93 524019 92 524788 92 525557 92 526326 91 527094 92 527863 92 528632 92 529401 91 530169 92 530938 91 531706 92 532475 91 533244 91 534013 55 534069 34 534782 51 534842 30 535551 46 535612 32 536319 45 536382 31 537088 43 537151 30 537857 41 537920 30 538626 40 538689 29 539395 39 539458 28 540164 37 540226 19 540247 7 540256 2 540933 36 540995 31 541702 33 541764 31 542471 30 542532 31 543241 27 543300 31 544011 23 544068 30 544782 18 544836 30 545554 14 545604 31 546325 10 546372 32 547099 3 547139 34 547868 1 547907 34 548636 1 548675 35 549444 34 550211 35 550979 6 550986 28 551746 6 551755 28 552513 6 552524 26 553280 5 553292 26 554046 6 554060 25 554829 22 555597 18 556365 16 557133 14 557902 13 558670 12 559439 10 560208 9 560979 4
021e2b4dd.jpg,94267 2 95034 5 95801 9 96568 11 97336 13 98104 14 98872 15 99641 15 100409 16 101178 16 101947 15 102715 15 103483 16 104251 16 105019 16 105787 16 106555 16 106572 3 107323 21 108091 22 108860 22 109628 23 110398 22 111168 20 111937 20 112705 20 113473 20 114241 20 115010 18 115780 14 116551 2
125f07a28.jpg,95393 1 96161 1 96929 1 97697 3 98465 2 99233 1 100000 2 100769 1
18bfe8b16.jpg,
